DROP DATABASE IF EXISTS GiaCongStore;
create database GiaCongStore;
  
use GiaCongStore;

CREATE TABLE NHACUNGCAP(
	MNCC VARCHAR(10) NOT NULL PRIMARY KEY,
	TENNHACUNGCAP NVARCHAR(100) NOT NULL,
	DIACHI NVARCHAR(100) NOT NULL,
	SDT CHAR(50) NOT NULL,
	ACTIVATE BIT NOT NULL DEFAULT 1,
	GHICHU NVARCHAR(500) NOT NULL DEFAULT '',
	NGAYKHOITAO DATETIME DEFAULT CURRENT_TIMESTAMP)

CREATE TABLE TAIKHOAN(
	TAIKHOAN VARCHAR(30) NOT NULL PRIMARY KEY,
	MATKHAU VARCHAR (30) NOT NULL,
	ACTIVATE BIT NOT NULL DEFAULT 0,
	NGAYKHOITAO DATETIME DEFAULT CURRENT_TIMESTAMP
)

CREATE TABLE CHUCVU(
	MCV VARCHAR(10) NOT NULL PRIMARY KEY,
	TENCHUCVU NVARCHAR(100) NOT NULL,
	ACTIVATE BIT NOT NULL DEFAULT 1,
	NGAYKHOITAO DATETIME DEFAULT CURRENT_TIMESTAMP
)

CREATE TABLE KHACHHANG(
	MKH VARCHAR(10) NOT NULL PRIMARY KEY,
	TENKHACHHANG NVARCHAR(100) NOT NULL,
	SDT CHAR(50) NOT NULL,
	CONGTY NVARCHAR(100) NOT NULL,
	DIACHI NVARCHAR(100) NOT NULL,
	ACTIVATE BIT NOT NULL DEFAULT 1,
	NGAYKHOITAO DATETIME DEFAULT CURRENT_TIMESTAMP
)

CREATE TABLE LOAIQUYTRINH(
	MLQT VARCHAR(10) NOT NULL PRIMARY KEY,
	TENLOAIQUYTRINH NVARCHAR(100) NOT NULL,
	NGUOITAO VARCHAR(10) NOT NULL,
	ACTIVATE BIT NOT NULL DEFAULT 1,
	NGAYKHOITAO DATETIME DEFAULT CURRENT_TIMESTAMP
)

CREATE TABLE CHEDOCAT(
	MCDC VARCHAR(10) NOT NULL PRIMARY KEY,
	MSP VARCHAR(10),
	TENCHEDOCAT NVARCHAR(100) NOT NULL,
	SOVONGQUAY FLOAT DEFAULT 0,
	BUOCTIEN FLOAT DEFAULT 0,
	CHIEUSAUCAT FLOAT DEFAULT 0,
	CHIEUDAILAMVIEC FLOAT DEFAULT 0,
	THOIGIANHOANTHANH FLOAT DEFAULT 0,
	ACTIVATE BIT NOT NULL DEFAULT 1,
	NGAYKHOITAO DATETIME DEFAULT CURRENT_TIMESTAMP
)

CREATE TABLE BANVE(
	MBV VARCHAR(10) NOT NULL PRIMARY KEY,
	MKH VARCHAR(10) NOT NULL,
	MNVNBV VARCHAR(10) NOT NULL,
	TENBANVE NVARCHAR(100) NOT NULL,
	NGAYNHAN DATETIME NOT NULL,
	NGAYHOANTHANH DATETIME NOT NULL,
	NGAYKHAIPHAT DATETIME NOT NULL,
	GHICHU NVARCHAR(100) NOT NULL,
	ACTIVATE BIT NOT NULL DEFAULT 1,
	NGAYKHOITAO DATETIME DEFAULT CURRENT_TIMESTAMP
)

CREATE TABLE QUYTRINH(
	MQT VARCHAR(10) NOT NULL PRIMARY KEY,
	MBV VARCHAR(10) NOT NULL,
	MCDC VARCHAR(10) NOT NULL,
	MLQT VARCHAR(10) NOT NULL,
	MNV VARCHAR(10) NOT NULL,
	TENQUYTRINH NVARCHAR(100) NOT NULL,
	DONE BIT NOT NULL DEFAULT 1,
	THOIDIEMHOANTHANH DATETIME NOT NULL, 
	ACTIVATE BIT NOT NULL DEFAULT 1,
	NGAYKHOITAO DATETIME DEFAULT CURRENT_TIMESTAMP
)
   
CREATE TABLE LOAISANPHAM(
	MLSP VARCHAR(10) PRIMARY KEY NOT NULL,
	TENLOAI NVARCHAR(100) NOT NULL,
	ACTIVATE BIT NOT NULL DEFAULT 1, 
	NGAYKHOITAO DATETIME DEFAULT CURRENT_TIMESTAMP
)

CREATE TABLE LOGHISTORY(
	MLOG VARCHAR(10) PRIMARY KEY NOT NULL,  
	CODE VARCHAR(10) NOT NULL, 
	CONTENT NVARCHAR(1000),
	NGAYKHOITAO DATETIME DEFAULT CURRENT_TIMESTAMP
) 

CREATE TABLE NHANVIEN(
	MNV VARCHAR(10) PRIMARY KEY NOT NULL,
    TAIKHOAN VARCHAR(30),
    TENNV NVARCHAR(100) NOT NULL,
    GIOITINH BIT NOT NULL DEFAULT 0,
	NGAYSINH DATE NOT NULL, -- yyyy/mm/dd
    CMND VARCHAR(13) UNIQUE NOT NULL,
    DIACHI NVARCHAR(100) NOT NULL,
    SDT CHAR(50) NOT NULL,
    EMAIL NVARCHAR(50),
    NGAYVAOLAM DATE NOT NULL,
    CHUCVU VARCHAR(10) NOT NULL,
    CALAMVIEC VARCHAR(10) NOT NULL,
    TIENLUONG INT NOT NULL DEFAULT 0,
	ACTIVATE BIT NOT NULL DEFAULT 1,
	NGAYKHOITAO DATETIME DEFAULT CURRENT_TIMESTAMP)

CREATE TABLE SANPHAM(
	MSP VARCHAR(10) PRIMARY KEY NOT NULL,
	TENSANPHAM NVARCHAR(50) NOT NULL,
	DONVITINH NVARCHAR(15) NOT NULL, 
	CODE VARCHAR(50) NOT NULL,
	SOLUONG INT NOT NULL DEFAULT 0,
	QUYCACH NVARCHAR(100) NOT NULL,
	DTRONG FLOAT NOT NULL DEFAULT 0,
	DNGOAI FLOAT NOT NULL DEFAULT 0,
	LCHIEUDAI FLOAT NOT NULL DEFAULT 0,
	PHIDUONGKINH FLOAT NOT NULL DEFAULT 0,
	RBANKINH FLOAT NOT NULL DEFAULT 0,  
	PBUOCREN NVARCHAR(50) NOT NULL DEFAULT '',  
	GHICHU NVARCHAR(500) NOT NULL DEFAULT '',
	HINHANH VARCHAR(100) NOT NULL,
	ACTIVATE BIT NOT NULL DEFAULT 0,
	MNCC VARCHAR(10) NOT NULL,
	MLSP VARCHAR(10) NOT NULL,
	NGAYKHOITAO DATETIME DEFAULT CURRENT_TIMESTAMP) 

CREATE TABLE TRANGTHAINHAPXUAT(
	MTTNX VARCHAR(10) PRIMARY KEY NOT NULL,
	TENTRANGTHAI NVARCHAR(20) NOT NULL,
	NGAYKHOITAO DATETIME DEFAULT CURRENT_TIMESTAMP) 

CREATE TABLE PHIEUNHAP(
	MPN VARCHAR(10) PRIMARY KEY NOT NULL,
	TRANGTHAINHAPXUAT VARCHAR(10) NOT NULL,
	NHANVIEN VARCHAR(10) NOT NULL,
	NGAYNHAP DATETIME DEFAULT CURRENT_TIMESTAMP,
	TONGSOLUONGNHAP INT NOT NULL DEFAULT 0,
	GHICHU NVARCHAR(1000),
	LICHSUTRANGTHAINHAP NVARCHAR(1000)) 

CREATE TABLE CHITIETPHIEUNHAP(
	MPN VARCHAR(10) NOT NULL, 
	MSP VARCHAR(10) NOT NULL,
	SOLUONG INT NOT NULL DEFAULT 0,
	DONGIA INT NOT NULL DEFAULT 0,
	PRIMARY KEY (MPN,MSP)) 

CREATE TABLE CHITIETPHIEUXUAT(
	MPX VARCHAR(10) NOT NULL, 
	MSP VARCHAR(10) NOT NULL,
	SOLUONG INT NOT NULL DEFAULT 0,
	PRIMARY KEY (MPX,MSP)) 

CREATE TABLE PHIEUXUAT(
	MPX VARCHAR(10) PRIMARY KEY NOT NULL,
	TRANGTHAINHAPXUAT VARCHAR(10) NOT NULL,
	NHANVIEN VARCHAR(10) NOT NULL,
	NGAYXUAT DATETIME DEFAULT CURRENT_TIMESTAMP,
	TONGSOLUONGXUAT INT NOT NULL DEFAULT 0,
	GHICHU NVARCHAR(1000),
	LICHSUTRANGTHAIXUAT NVARCHAR(1000)) 

CREATE TABLE CALAMVIEC(
	MC VARCHAR(10) NOT NULL PRIMARY KEY,
	TENCA NVARCHAR(20) NOT NULL,
	TU NVARCHAR(10) NOT NULL,
	DEN NVARCHAR(10) NOT NULL,
	NGAYKHOITAO DATETIME DEFAULT CURRENT_TIMESTAMP)
	 
CREATE TABLE CHITIETNGUOITHAMGIABANVE(
	MBV VARCHAR(10) NOT NULL,
	MNV VARCHAR(10) NOT NULL,
	CHUCVUTRONGBANVE VARCHAR(10) NOT NULL,
	GHICHU NVARCHAR(1000),
	PRIMARY KEY (MBV,MNV)
)

CREATE TABLE CHITIETSANPHAMDUKIENBANVE(
	MBV VARCHAR(10) NOT NULL,
	MSP VARCHAR(10) NOT NULL,
	SOLUONGDUKIEN INT NOT NULL DEFAULT 0,
	SOLUONGDASUDUNG INT NOT NULL DEFAULT 0,
	GHICHU NVARCHAR(1000),
	PRIMARY KEY (MBV,MSP)
)
 
CREATE TABLE CHITIETNGUOITHAMGIAQUYTRINH(
	MQT VARCHAR(10) NOT NULL,
	MNV VARCHAR(10) NOT NULL,
	CHUCVUTRONGQUYTRINH VARCHAR(10) NOT NULL,
	GHICHU NVARCHAR(1000),
	PRIMARY KEY (MQT,MNV)
)

CREATE TABLE CHITIETSANPHAMQUYTRINH(
	MQT VARCHAR(10) NOT NULL,
	MSP VARCHAR(10) NOT NULL,
	SOLUONGDUKIEN INT NOT NULL DEFAULT 0,
	SOLUONGDASUDUNG INT NOT NULL DEFAULT 0,
	GHICHU NVARCHAR(1000),
	PRIMARY KEY (MQT,MSP)
)



-- THEM KHOA NGOAI

ALTER TABLE SANPHAM ADD CONSTRAINT FK_SANPHAM_NHACUNGCAP FOREIGN KEY (MNCC) REFERENCES NHACUNGCAP(MNCC)
ALTER TABLE SANPHAM ADD CONSTRAINT FK_SANPHAM_LOAISANPHAM FOREIGN KEY (MLSP) REFERENCES LOAISANPHAM(MLSP)

ALTER TABLE NHANVIEN ADD CONSTRAINT FK_NHANVIEN_TAIKHOAN FOREIGN KEY (TAIKHOAN) REFERENCES TAIKHOAN(TAIKHOAN) 
ALTER TABLE NHANVIEN ADD CONSTRAINT FK_NHANVIEN_CHUCVU FOREIGN KEY (CHUCVU) REFERENCES CHUCVU(MCV)
ALTER TABLE NHANVIEN ADD CONSTRAINT FK_NHANVIEN_CALAMVIEC FOREIGN KEY (CALAMVIEC) REFERENCES CALAMVIEC(MC)

ALTER TABLE PHIEUNHAP ADD CONSTRAINT FK_PHIEUNHAP_TRANGTHAINHAPXUAT FOREIGN KEY (TRANGTHAINHAPXUAT) REFERENCES TRANGTHAINHAPXUAT(MTTNX)  
ALTER TABLE PHIEUNHAP ADD CONSTRAINT FK_PHIEUNHAP_NHANVIEN FOREIGN KEY (NHANVIEN) REFERENCES NHANVIEN(MNV)  

ALTER TABLE CHITIETPHIEUNHAP ADD CONSTRAINT FK_CHITIETPHIEUNHAP_PHIEUNHAP FOREIGN KEY (MPN) REFERENCES PHIEUNHAP(MPN)  
ALTER TABLE CHITIETPHIEUNHAP ADD CONSTRAINT FK_CHITIETPHIEUNHAP_SANPHAM FOREIGN KEY (MSP) REFERENCES SANPHAM(MSP)  
 
ALTER TABLE PHIEUXUAT ADD CONSTRAINT FK_PHIEUXUAT_TRANGTHAINHAPXUAT FOREIGN KEY (TRANGTHAINHAPXUAT) REFERENCES TRANGTHAINHAPXUAT(MTTNX)  
ALTER TABLE PHIEUXUAT ADD CONSTRAINT FK_PHIEUXUAT_NHANVIEN FOREIGN KEY (NHANVIEN) REFERENCES NHANVIEN(MNV)  

ALTER TABLE CHITIETPHIEUXUAT ADD CONSTRAINT FK_CHITIETPHIEUXUAT_PHIEUXUAT FOREIGN KEY (MPX) REFERENCES PHIEUXUAT(MPX)  
ALTER TABLE CHITIETPHIEUXUAT ADD CONSTRAINT FK_CHITIETPHIEUXUAT_SANPHAM FOREIGN KEY (MSP) REFERENCES SANPHAM(MSP)  

ALTER TABLE BANVE ADD CONSTRAINT FK_BANVE_KHACHHANG FOREIGN KEY (MKH) REFERENCES KHACHHANG(MKH)
ALTER TABLE BANVE ADD CONSTRAINT FK_BANVE_NHANVIEN FOREIGN KEY (MNVNBV) REFERENCES NHANVIEN(MNV)

ALTER TABLE QUYTRINH ADD CONSTRAINT FK_QUYTRINH_NHANVIEN FOREIGN KEY (MNV) REFERENCES NHANVIEN(MNV)
ALTER TABLE QUYTRINH ADD CONSTRAINT FK_QUYTRINH_BANVE FOREIGN KEY (MBV) REFERENCES BANVE(MBV)
ALTER TABLE QUYTRINH ADD CONSTRAINT FK_QUYTRINH_LOAIQUYTRINH FOREIGN KEY (MLQT) REFERENCES LOAIQUYTRINH(MLQT)
ALTER TABLE QUYTRINH ADD CONSTRAINT FK_QUYTRINH_CHEDOCAT FOREIGN KEY (MCDC) REFERENCES CHEDOCAT(MCDC)

ALTER TABLE CHITIETNGUOITHAMGIABANVE ADD CONSTRAINT FK_CHITIETNGUOITHAMGIABANVE_NHANVIEN FOREIGN KEY (MNV) REFERENCES NHANVIEN(MNV)
ALTER TABLE CHITIETNGUOITHAMGIABANVE ADD CONSTRAINT FK_CHITIETNGUOITHAMGIABANVE_BANVE FOREIGN KEY (MBV) REFERENCES BANVE(MBV)
ALTER TABLE CHITIETNGUOITHAMGIABANVE ADD CONSTRAINT FK_CHITIETNGUOITHAMGIABANVE_CHUCVU FOREIGN KEY (CHUCVUTRONGBANVE) REFERENCES CHUCVU(MCV)
 
ALTER TABLE CHITIETSANPHAMDUKIENBANVE ADD CONSTRAINT FK_CHITIETSANPHAMDUKIENBANVE_BANVE FOREIGN KEY (MBV) REFERENCES BANVE(MBV)
ALTER TABLE CHITIETSANPHAMDUKIENBANVE ADD CONSTRAINT FK_CHITIETSANPHAMDUKIENBANVE_SANPHAM FOREIGN KEY (MSP) REFERENCES SANPHAM(MSP)

ALTER TABLE CHITIETNGUOITHAMGIAQUYTRINH ADD CONSTRAINT FK_CHITIETNGUOITHAMGIAQUYTRINH_CHUCVU FOREIGN KEY (CHUCVUTRONGQUYTRINH) REFERENCES CHUCVU(MCV)
ALTER TABLE CHITIETNGUOITHAMGIAQUYTRINH ADD CONSTRAINT FK_CHITIETNGUOITHAMGIAQUYTRINH_QUYTRINH FOREIGN KEY (MQT) REFERENCES QUYTRINH(MQT)
ALTER TABLE CHITIETNGUOITHAMGIAQUYTRINH ADD CONSTRAINT FK_CHITIETNGUOITHAMGIAQUYTRINH_NHANVIEN FOREIGN KEY (MNV) REFERENCES NHANVIEN(MNV)
 
ALTER TABLE CHITIETSANPHAMQUYTRINH ADD CONSTRAINT FK_CHITIETSANPHAMQUYTRINH_QUYTRINH FOREIGN KEY (MQT) REFERENCES QUYTRINH(MQT)
ALTER TABLE CHITIETSANPHAMQUYTRINH ADD CONSTRAINT FK_CHITIETSANPHAMQUYTRINH_SANPHAM FOREIGN KEY (MSP) REFERENCES SANPHAM(MSP)

INSERT INTO CHUCVU(MCV,TENCHUCVU) VALUES 
			('CV00000001','admin'),
			('CV00000002','user'),
			('CV00000003','leadbanve'),
			('CV00000004','memberbanve'),
			('CV00000005','leadquytrinh'),
			('CV00000006','memberquytrinh')

INSERT INTO CALAMVIEC(MC,TENCA, TU, DEN) VALUES 
			('CLV0000001',N'Cả ngày','8h','20h'),
			('CLV0000002',N'Sáng - Tối','8h','20h'),
			('CLV0000003',N'Tối - Sáng','20h','8h') 

INSERT INTO TAIKHOAN(TAIKHOAN,MATKHAU) VALUES
	('admin','MTIz'),
	('nv1','MTIz'),
    ('nv2','MTIz'),
    ('nv3','MTIz')

INSERT INTO NHACUNGCAP(MNCC,TENNHACUNGCAP,DIACHI,SDT) VALUES 
			('NCC0000001',N'Nhà cung cấp 1',N'Địa chỉ nhà cung cấp 1','0222222221'),
			('NCC0000002',N'Nhà cung cấp 2',N'Địa chỉ nhà cung cấp 2','0222222222'),
			('NCC0000003',N'Nhà cung cấp 3',N'Địa chỉ nhà cung cấp 3','0222222223'),
			('NCC0000004',N'Nhà cung cấp 4',N'Địa chỉ nhà cung cấp 4','0222222224')

INSERT INTO LOAISANPHAM(MLSP,TENLOAI) VALUES 
			('LSP0000001',N'Dụng cụ'),
			('LSP0000002',N'Dao cụ (Phay)'),
			('LSP0000003',N'Dao cụ (Tiện)')

INSERT INTO SANPHAM(MSP,TENSANPHAM,DONVITINH,CODE,SOLUONG,QUYCACH,DTRONG,DNGOAI,LCHIEUDAI,PHIDUONGKINH,HINHANH,MNCC,MLSP) VALUES
			('SP00000001',N'Thép thường',N'Đơn vị tính','S45C',100,N'ren 3 bước 0.5',3,2.5,20,0,'PICTURE1','NCC0000001','LSP0000003'),
			('SP00000002',N'INOX',N'Đơn vị tính','SUS 304',150,N'ren 2 bước 0.5',3,2.5,20,0,'PICTURE2','NCC0000002','LSP0000003'),
			('SP00000003',N'Nhôm',N'Đơn vị tính','ALU',200,N'ren 2 bước 0.5',3,2.5,20,0,'PICTURE3','NCC0000003','LSP0000003'),
			('SP00000004',N'Thép cứng',N'Đơn vị tính','SKD 11',500,N'ren 2 bước 0.5',3,2.5,20,0,'PICTURE4','NCC0000002','LSP0000003'),
			('SP00000005',N'Thép đặc biệt',N'Đơn vị tính','SLD - MAGIC',320,N'ren 3 bước 0.5',3,2.5,20,0,'PICTURE1','NCC0000001','LSP0000003')
			
INSERT INTO TRANGTHAINHAPXUAT(MTTNX,TENTRANGTHAI) VALUES 
			('MTTNX0001',N'Trạng thái 1'),
			('MTTNX0002',N'Trạng thái 2'),
			('MTTNX0003',N'Trạng thái 3'),
			('MTTNX0004',N'Trạng thái 4')

INSERT INTO NHANVIEN(MNV,TAIKHOAN,TENNV,GIOITINH,NGAYSINH,CMND,DIACHI,SDT,EMAIL,NGAYVAOLAM,CHUCVU,CALAMVIEC,TIENLUONG) VALUES
			('NV00000001','admin',N'Nguyễn Văn Admin','1','1988/05/23','1111111111','Địa chỉ của nhân viên 1','0111111111','nv1@gmail.com','2015/05/02','CV00000002','CLV0000001',5000000),
			('NV00000002','nv1',N'Nguyễn Văn Nhân Viên 1','1','1998/08/13','1111111112','Địa chỉ của nhân viên 2','0111111112','nv2@gmail.com','2016/06/01','CV00000003','CLV0000001',6000000),
			('NV00000003','nv2',N'Nguyễn Văn Nhân Viên 2','0','1981/07/08','1111111113','Địa chỉ của nhân viên 3','0111111113','nv3@gmail.com','2018/08/06','CV00000004','CLV0000001',1000000),
			('NV00000004','nv3',N'Nguyễn Văn Nhân Viên 3','1','1990/04/30','1111111114','Địa chỉ của nhân viên 4','0111111114','nv4@gmail.com','2014/12/12','CV00000002','CLV0000001',3000000)

INSERT INTO PHIEUNHAP(MPN,TRANGTHAINHAPXUAT,NHANVIEN,TONGSOLUONGNHAP,GHICHU,LICHSUTRANGTHAINHAP) VALUES
		('PN00000001','MTTNX0001','NV00000002',100,N'Ghi chú phiếu nhập',N'Lịch sử trạng thái'),
		('PN00000002','MTTNX0002','NV00000001',100,N'Ghi chú phiếu nhập',N'Lịch sử trạng thái'),
		('PN00000003','MTTNX0003','NV00000003',100,N'Ghi chú phiếu nhập',N'Lịch sử trạng thái')

INSERT INTO PHIEUXUAT(MPX,TRANGTHAINHAPXUAT,NHANVIEN,TONGSOLUONGXUAT,GHICHU,LICHSUTRANGTHAIXUAT) VALUES
		('PX00000001','MTTNX0001','NV00000002',100,N'Ghi chú phiếu nhập',N'Lịch sử trạng thái'),
		('PX00000002','MTTNX0002','NV00000001',100,N'Ghi chú phiếu nhập',N'Lịch sử trạng thái'),
		('PX00000003','MTTNX0003','NV00000003',100,N'Ghi chú phiếu nhập',N'Lịch sử trạng thái')

INSERT INTO CHITIETPHIEUNHAP(MPN,MSP,SOLUONG,DONGIA) VALUES
		('PN00000001','SP00000001',50,50000)
		--Số lượng nhập có trùng với số lượng trong bảng PHUIEUNHAP không..
INSERT INTO CHITIETPHIEUXUAT(MPX,MSP,SOLUONG) VALUES
		('PX00000001','SP00000001',500)
		---thêm thêm cái nữa bị lỗi qq gì k biết

INSERT INTO KHACHHANG(MKH,TENKHACHHANG,SDT,CONGTY,DIACHI) VALUES
		('KH00000001',N'Bùi Long Khách Hàng 1','0111111111',N'Công ty khach hàng 1',N'Địa chỉ khách hàng 1'),
		('KH00000002',N'Bùi Long Khách Hàng 2','0111111112',N'Công ty khach hàng 2',N'Địa chỉ khách hàng 2'),
		('KH00000003',N'Bùi Long Khách Hàng 3','0111111113',N'Công ty khach hàng 3',N'Địa chỉ khách hàng 3'),
		('KH00000004',N'Bùi Long Khách Hàng 4','0111111114',N'Công ty khach hàng 4',N'Địa chỉ khách hàng 4')
		
INSERT INTO BANVE(MBV,MKH,MNVNBV,TENBANVE,NGAYNHAN,NGAYHOANTHANH,NGAYKHAIPHAT,GHICHU) VALUES
		('BV00000001','KH00000001','NV00000001',N'Bản vẽ 1',2019/12/12,2020/01/01,2020/02/01,N'Ghi chú bản vẽ'),
		('BV00000002','KH00000002','NV00000002',N'Bản vẽ 2',2019/11/11,2020/01/01,2020/02/01,N'Ghi chú bản vẽ'),
		('BV00000003','KH00000003','NV00000001',N'Bản vẽ 3',2019/10/21,2020/01/01,2020/02/01,N'Ghi chú bản vẽ'),
		('BV00000004','KH00000004','NV00000003',N'Bản vẽ 4',2019/06/02,2020/01/01,2020/02/01,N'Ghi chú bản vẽ')

INSERT INTO CHEDOCAT(MCDC,MSP,TENCHEDOCAT,SOVONGQUAY,BUOCTIEN,CHIEUSAUCAT,CHIEUDAILAMVIEC,THOIGIANHOANTHANH) VALUES
		('CDC0000001','SP00000001',N'Chế độ cắt 1',1.0,1.0,2.0,2.0,2020/02/02),
		('CDC0000002','SP00000002',N'Chế độ cắt 2',1.0,1.0,2.0,2.0,2020/05/03),
		('CDC0000003','SP00000003',N'Chế độ cắt 3',1.0,1.0,2.0,2.0,2020/12/01)
		--MSP có phải khóa ngoại của mã trong bảng Sản Phẩm

INSERT INTO LOAIQUYTRINH(MLQT,TENLOAIQUYTRINH,NGUOITAO) VALUES
		('LQT0000001',N'Loại quy trình 1','NV00000001'),
		('LQT0000002',N'Loại quy trình 2','NV00000003'),
		('LQT0000003',N'Loại quy trình 3','NV00000002')

INSERT INTO QUYTRINH(MQT,MBV,MCDC,MLQT,MNV,TENQUYTRINH,DONE,THOIDIEMHOANTHANH) VALUES
		('QT00000001','BV00000001','CDC0000001','LQT0000001','NV00000001',N'Quy trình 1',0,2020/01/02),
		('QT00000002','BV00000002','CDC0000001','LQT0000003','NV00000002',N'Quy trình 2',0,2020/02/05),
		('QT00000003','BV00000004','CDC0000002','LQT0000002','NV00000002',N'Quy trình 3',0,2020/03/06),
		('QT00000004','BV00000003','CDC0000003','LQT0000001','NV00000003',N'Quy trình 4',0,2020/04/07)

INSERT INTO CHITIETNGUOITHAMGIABANVE(MBV,MNV,CHUCVUTRONGBANVE,GHICHU) VALUES
		('BV00000001','NV00000001','CV00000003',N'Ghi chú'),
		('BV00000002','NV00000002','CV00000004',N'Ghi chú'),
		('BV00000003','NV00000001','CV00000004',N'Ghi chú'),
		('BV00000004','NV00000003','CV00000003',N'Ghi chú')

INSERT INTO CHITIETSANPHAMDUKIENBANVE(MBV,MSP,SOLUONGDUKIEN,SOLUONGDASUDUNG,GHICHU) VALUES
		('BV00000001','SP00000001',100,20,N'Ghi chú'),
		('BV00000002','SP00000003',80,10,N'Ghi chú'),
		('BV00000003','SP00000002',120,10,N'Ghi chú')

INSERT INTO CHITIETNGUOITHAMGIAQUYTRINH(MQT,MNV,CHUCVUTRONGQUYTRINH,GHICHU) VALUES
		('QT00000001','NV00000001','CV00000005',N'Ghi chú'),
		('QT00000004','NV00000001','CV00000005',N'Ghi chú'),
		('QT00000002','NV00000003','CV00000006',N'Ghi chú'),
		('QT00000003','NV00000002','CV00000006',N'Ghi chú')

INSERT INTO CHITIETSANPHAMQUYTRINH(MQT,MSP,SOLUONGDUKIEN,SOLUONGDASUDUNG,GHICHU) VALUES
		('QT00000001','SP00000001',100,20,N'Ghi chú'),
		('QT00000002','SP00000003',80,10,N'Ghi chú'),
		('QT00000003','SP00000002',120,10,N'Ghi chú')

		
INSERT INTO LOGHISTORY(MLOG,CODE,CONTENT) VALUES
		('LOG0000001','SP','Tạo sản phẩm SP00000001 thành công')
		 

DELETE FROM LOGHISTORY WHERE CODE='SP';